Column1,name,artists,popularity,release_date,id,duration_ms,explicit,danceability,energy,key,loudness,mode,speechiness,acousticness,instrumentalness,liveness,valence,tempo,mood
10,The Rumbling,SiM,75,07-02-2022,6k0X05danQOXSBTVek5DU1,220799,FALSE,0.459,0.878,5,-1.399,0,0.0688,5.62E-05,0.000307,0.371,0.494,144.852,Energetic
12,"My War (From ""Attack on Titan"")",Miura Jam,51,30-12-2020,3jWNreHk8zyP5KUHyuoXf1,91554,FALSE,0.434,0.957,9,-4.772,1,0.115,0.0188,0.0185,0.303,0.463,144.167,Energetic
13,Boulevard of Broken Dreams,Green Day,82,17-11-2017,5GorCbAP4aL0EJ16frG2hd,262333,TRUE,0.496,0.682,8,-4.095,1,0.0294,0.00552,2.94E-05,0.0589,0.474,167.06,Energetic
14,Holiday,Green Day,76,30-03-2005,5vfjUAhefN7IjHbTvVCT4Z,233027,FALSE,0.538,0.884,8,-3.251,1,0.031,0.000138,0,0.466,0.736,146.511,Energetic
17,the WORLD,Nightmare,36,28-02-2007,1g0SlTCGN9j3OicWHfSKEn,228120,FALSE,0.531,0.904,11,-3.869,0,0.0419,0.00353,0,0.328,0.753,94.999,Energetic
18,RISE,"League of Legends, Mako, The Word Alive, The Glitch Mob",77,28-09-2018,69Sy7207dnixZ6w7RSV9Kb,192881,FALSE,0.459,0.663,8,-5.939,0,0.1,0.0169,0,0.0621,0.412,176.791,Energetic
19,Red Swan,"Yoshiki, HYDE",48,03-10-2018,4GNMgGyZcgnE4nEdYFWJGn,263720,FALSE,0.275,0.782,10,-4.689,1,0.0467,0.0521,2.25E-06,0.331,0.154,131.744,Energetic
32,Wonderwall,Oasis,41,13-11-2006,0ViKGBsiDt52DwsLALWDSr,258080,FALSE,0.407,0.889,6,-4.362,0,0.0325,0.000691,0,0.189,0.699,174.585,Energetic
34,Titanium (feat. Sia),"David Guetta, Sia",83,07-12-2012,0TDLuuLlV54CkRRUOahJb4,245040,FALSE,0.604,0.787,0,-3.674,0,0.103,0.0679,0.15,0.127,0.301,126.062,Energetic
37,Radioactive,Imagine Dragons,83,04-09-2012,62yJjFtgkhUrXktIoSjgP2,186813,FALSE,0.448,0.784,9,-3.686,1,0.0627,0.106,0.000108,0.668,0.236,136.245,Energetic
41,Uptown Girl,Billy Joel,83,08-08-1983,5zA8vzDGqPl2AzZkEYQGKh,197707,FALSE,0.701,0.944,4,-2.986,1,0.0455,0.0755,0,0.601,0.792,128.993,Energetic
43,Bad Guy,The Interrupters,56,04-10-2019,0iM1Ioz4N4p7MU1DKyqsov,157832,FALSE,0.563,0.814,7,-4.219,0,0.0558,0.00983,0.0437,0.0732,0.796,140.615,Energetic
54,Everlong,Foo Fighters,87,20-05-1997,5UWwZ5lm5PKu6eKsHAGxOk,250547,FALSE,0.413,0.881,11,-5.541,0,0.0367,5.99E-05,0.000308,0.0805,0.364,158.066,Energetic
78,No Good,KALEO,66,10-06-2016,0Tr5G2mE56eLUGvCaXRM8I,234240,FALSE,0.378,0.925,9,-3.781,1,0.185,0.0234,0.00062,0.18,0.584,108.525,Energetic
126,Red (Taylor's Version),Taylor Swift,81,12-11-2021,4OAuvHryIVv4kMDNSLuPt6,223093,FALSE,0.516,0.777,1,-4.908,0,0.0375,0.00108,1.62E-06,0.0761,0.408,125.047,Energetic
129,Long Live,Taylor Swift,56,25-10-2010,4ewAfHYpDTzpW1GKO44CVP,317960,FALSE,0.412,0.682,7,-4.319,1,0.0339,0.0426,7.47E-05,0.106,0.146,203.959,Energetic
132,The Story Of Us,Taylor Swift,56,25-10-2010,3lXekiVK1ZPZbKconsys73,265680,FALSE,0.575,0.855,9,-4.827,1,0.0467,0.000315,0.00161,0.0419,0.84,139.92,Energetic
149,Badtameez Dil,"Pritam, Benny Dayal, Shefali Alvares",68,30-03-2013,4eu27jAU2bbnyHUC3G75U8,252760,FALSE,0.806,0.932,2,-2.228,0,0.0684,0.24,0,0.216,0.792,106.021,Energetic
162,"Chogada (From ""Loveyatri"")","Darshan Raval, Asees Kaur, Lijo George-Dj Chetas",71,14-08-2018,4ymPEyiXabTe1NO8q8EFxG,249742,FALSE,0.359,0.972,7,-3.452,1,0.109,0.136,2.52E-06,0.14,0.595,62.914,Energetic
214,Milne Hai Mujhse Aayi,Arijit Singh,67,06-04-2013,2iGnFW7m517taq3AJIE6DK,295798,FALSE,0.515,0.707,11,-5.467,0,0.0426,0.0357,0,0.134,0.304,143.752,Energetic
231,Love Me,Justin Bieber,70,01-01-2009,0yIywEquxORnu1dR0WYsdN,191573,FALSE,0.729,0.868,3,-3.319,1,0.0609,0.00939,0,0.283,0.632,124.957,Energetic
258,Make Some Noise For The Desi Boyz,"Pritam, KK, Bob",69,21-10-2011,71s7tZo8OGlN3VXyURWLUr,244068,FALSE,0.692,0.954,2,-3.93,0,0.0915,0.0188,0,0.151,0.89,141.98,Energetic
267,Shinzo wo Sasageyo!,Linked Horizon,72,2017,5uraJqtCBvLpwt3VeomZdq,341413,FALSE,0.44,0.983,0,-4.36,1,0.0868,0.22,0,0.26,0.203,159.968,Energetic
271,Ude Dil Befikre,"Vishal-Shekhar, Benny Dayal, Jaideep Sahni",62,01-12-2016,0hgTkEDY9oIG5DPKN39KHP,231327,FALSE,0.704,0.952,0,-2.331,0,0.0333,0.0408,0,0.335,0.902,106.99,Energetic
287,Buddhu Sa Mann,"Amaal Mallik, Armaan Malik",68,04-03-2016,1dxbiVeiV7nQ2V9qXnhJiB,206858,FALSE,0.644,0.87,10,-4.816,1,0.0394,0.193,0,0.549,0.702,125.998,Energetic
288,Under the Tree,SiM,68,04-03-2023,7qKXSF8MilgyiL52oq1AA0,121692,FALSE,0.272,0.888,11,-1.757,0,0.068,0.00413,0,0.232,0.637,159.893,Energetic
295,KICK BACK,Kenshi Yonezu,80,12-10-2022,3khEEPRyBeOUabbmOPJzAG,193495,FALSE,0.577,0.941,1,-5.17,1,0.105,0.00207,3.36E-06,0.0891,0.292,101.921,Energetic
301,"Naatu Naatu (From ""Rrr"")","Rahul Sipligunj, Kala Bhairava, M. M. Keeravani",60,10-11-2021,4iKGu3xtvm90eBw0EIPWJP,214400,FALSE,0.405,0.988,10,-3.843,0,0.0992,0.355,0.113,0.0815,0.703,160.052,Energetic
304,Guren no Yumiya,Linked Horizon,70,2017,70p3HYq9iHZisJqpDmWd1U,310680,FALSE,0.455,0.952,1,-6.382,0,0.0787,0.0232,5.65E-05,0.0662,0.332,90.365,Energetic
305,Dream lantern,RADWIMPS,68,24-08-2016,5mEqD00bdFcsiVd0MfvEeF,131667,FALSE,0.206,0.871,8,-5.751,1,0.419,0.0316,6.55E-05,0.0596,0.125,175.6,Energetic
306,Kaikai Kitan,Eve,77,23-12-2020,6y4GYuZszeXNOXuBFsJlos,221426,FALSE,0.584,0.911,5,-3.515,0,0.09,0.0119,0,0.119,0.606,92.502,Energetic
308,Zenzenzense - Movie Version,RADWIMPS,0,24-08-2016,7bdYqNFyijfCG3ziepQjcf,284240,FALSE,0.326,0.906,11,-3.979,1,0.137,0.000482,0,0.0912,0.584,189.888,Energetic
312,紅蓮華,LiSA,76,14-10-2020,0qMip0B2D4ePEjBJvAtYre,237587,FALSE,0.541,0.977,4,-2.828,0,0.157,0.00321,5.13E-05,0.0796,0.263,134.938,Energetic
314,I Want You (Gone),"Set It Off, Matt Appleton",37,01-02-2019,2Eg9Gh1JFuK8Nh5pZzOWvh,210667,FALSE,0.591,0.825,11,-4.976,1,0.0419,0.00302,0,0.42,0.475,164.961,Energetic
320,青のすみか,Tatsuya Kitani,84,07-07-2023,12usPU2WnqgCHAW1EK2dfd,196467,FALSE,0.479,0.898,1,-4.809,1,0.169,0.0134,0,0.297,0.639,151.99,Energetic
337,ヒカリアレ,BURNOUT SYNDROMES,62,09-11-2016,5WLaJoYalaASb9JB7Yk5U6,244787,FALSE,0.313,0.941,7,-1.741,1,0.133,0.0112,0,0.363,0.35,178.061,Energetic
341,Blinding Lights,The Weeknd,92,20-03-2020,0VjIjW4GlUZAMYd2vXMi3b,200040,FALSE,0.514,0.73,1,-5.934,1,0.0598,0.00146,9.54E-05,0.0897,0.334,171.005,Energetic
344,Someone To You,BANNERS,73,03-11-2017,14BH4qO7pgCmIe6mgLKOK3,219800,FALSE,0.468,0.936,2,-3.683,1,0.0455,0.00568,0,0.24,0.663,75.05,Energetic
345,unravel,TK from Ling tosite sigure,73,27-08-2014,1rN9QoVxw5U7TJkyaUR8C1,238360,FALSE,0.508,0.889,7,-2.755,0,0.0862,0.0495,0,0.0984,0.332,135.014,Energetic
1,Sweet Dreams (Are Made of This) - Remastered,"Eurythmics, Annie Lennox, Dave Stewart",85,04-01-1983,1TfqLAPs4K3s2rJMoCokcS,216933,FALSE,0.692,0.711,0,-7.498,0,0.0317,0.225,0,0.12,0.875,125.135,Happy
3,Enemy (with JID) - from the series Arcane League of Legends,"Imagine Dragons, JID, Arcane, League of Legends",80,28-10-2021,1r9xUipOqoNwggBpENDsvJ,173381,FALSE,0.728,0.783,11,-4.424,0,0.266,0.237,0,0.434,0.555,77.011,Happy
5,Windy,The Association,39,26-11-1968,3XvACX6sYu4bml5JdxGIaN,176253,FALSE,0.645,0.698,5,-10.224,1,0.0283,0.551,0.0141,0.0871,0.96,132.272,Happy
7,Baby Blue - Remastered 2010,Badfinger,64,13-12-1971,6S3JlDAGk3uu3NtZbPnuhS,217347,FALSE,0.623,0.876,11,-7.788,1,0.066,0.0189,0.0134,0.0728,0.515,124.431,Happy
8,"Negro Y Azul: The Ballad of Heisenberg (From ""Breaking Bad"" TV Series)",Los Cuates de Sinaloa,56,21-07-2008,0yzcqtdu85erFxmgeZp0zW,204813,FALSE,0.539,0.639,3,-7.311,1,0.0353,0.412,0,0.075,0.968,162.099,Happy
11,Warriors,Imagine Dragons,75,18-05-2015,1sWeSMifj6Z6kZyI6z3bRc,171040,FALSE,0.365,0.851,4,-6.238,0,0.0645,0.0964,0.003,0.237,0.309,78.086,Happy
15,You See Big Girl / T:T,Hiroyuki Sawano,67,07-06-2017,4dHOnPucB5VBYq3gjRtYy9,359347,FALSE,0.186,0.679,7,-7.884,0,0.0441,0.00756,0.884,0.128,0.227,86.867,Happy
20,Natural,Imagine Dragons,83,09-11-2018,2FY7b99s15jUprqC0M5NCT,189467,FALSE,0.704,0.611,2,-6.112,1,0.0409,0.217,0,0.0812,0.22,100,Happy
21,Beautiful Mistakes (feat. Megan Thee Stallion),"Maroon 5, Megan Thee Stallion",80,11-06-2021,5zFglKYiknIxks8geR8rcL,227395,FALSE,0.713,0.676,10,-5.483,1,0.027,0.0377,0,0.154,0.721,99.048,Happy
26,Mercy,Shawn Mendes,83,20-04-2017,0AS63m1wHv9n4VVRizK6Hc,208733,FALSE,0.555,0.662,11,-4.952,0,0.0827,0.125,0,0.111,0.356,148.128,Happy
27,In My Blood,Shawn Mendes,76,25-05-2018,2QZ7WLBE8h2y1Y5Fb8RYbH,211360,FALSE,0.622,0.712,5,-7.321,1,0.066,0.0573,0,0.13,0.487,140.025,Happy
28,Treat You Better,Shawn Mendes,88,20-04-2017,3QGsuHI8jO1Rx4JWLUh9jd,187973,FALSE,0.444,0.819,10,-4.078,0,0.341,0.106,0,0.107,0.747,82.695,Happy
29,There's Nothing Holdin' Me Back,Shawn Mendes,88,20-04-2017,7JJmb5XwzOO8jgpou264Ml,199440,FALSE,0.866,0.813,11,-4.063,0,0.0554,0.38,0,0.0779,0.969,121.998,Happy
30,Stitches,Shawn Mendes,83,14-04-2015,3zkWCteF82vJwv0hRLba76,206880,FALSE,0.746,0.754,1,-6.684,1,0.0676,0.0152,0,0.0486,0.746,149.882,Happy
33,Hall of Fame (feat. will.i.am),"The Script, will.i.am",84,10-09-2012,7wMq5n8mYSKlQIGECKUgTX,202533,FALSE,0.421,0.873,10,-4.343,1,0.0564,0.0654,0,0.123,0.629,84.786,Happy
35,Cherry Bomb,The Runaways,70,1976,7cdnq45E9aP2XDStHg5vd7,138707,FALSE,0.501,0.813,11,-8.192,1,0.0639,0.0455,4.75E-05,0.131,0.495,136.59,Happy
36,You're Only Human (Second Wind),Billy Joel,50,29-06-1985,4aaOblwrIiVnScKL51pGdo,288440,FALSE,0.759,0.795,3,-8.713,1,0.062,0.0356,1.12E-05,0.0678,0.877,130.803,Happy
38,Pressure,Billy Joel,58,23-06-1982,3LqvmDtXWXjF7fg8mh8iZh,280333,FALSE,0.548,0.68,9,-8.675,0,0.0474,0.0148,0.000949,0.0877,0.851,148.494,Happy
39,Havana (feat. Young Thug),"Camila Cabello, Young Thug",81,12-01-2018,1rfofaqEpACxVEHIZBJe6W,217307,FALSE,0.765,0.523,2,-4.333,1,0.03,0.184,3.56E-05,0.132,0.394,104.988,Happy
40,We Didn't Start the Fire,Billy Joel,77,17-10-1989,3Cx4yrFaX8CeHwBMReOWXI,287733,FALSE,0.712,0.967,7,-5.206,1,0.047,0.0771,0,0.356,0.895,145.024,Happy
44,You Only Want Me When You're Lonely,Jim Boyd,34,19-11-2013,2rPV7Qofx9EVqW1EKfIHWB,132653,FALSE,0.734,0.544,1,-7.133,0,0.0332,0.677,5.76E-05,0.264,0.967,133.713,Happy
45,Jingle Bell Rock,Bobby Helms,84,02-12-1957,7vQbuQcyTflfCIOu3Uzzya,130973,FALSE,0.754,0.424,2,-8.463,1,0.0363,0.643,0,0.0652,0.806,119.705,Happy
46,You've Got a License to Drive (Me Crazy) [From the Amazon Original Series The Boys Season 3],Miles Gaston Villanueva,41,03-06-2022,5vJbT05R3oK7wjeBmwcYwf,149152,FALSE,0.659,0.882,1,-5.206,1,0.0417,0.118,0,0.283,0.762,127.018,Happy
47,Watermelon Sugar,Harry Styles,88,13-12-2019,6UelLqGlWMcVH1E5c4H7lY,174000,FALSE,0.548,0.816,0,-4.209,1,0.0465,0.122,0,0.335,0.557,95.39,Happy
48,Summer of Love (Shawn Mendes & Tainy),"Shawn Mendes, Tainy",76,20-08-2021,0z8hI3OPS8ADPWtoCjjLl6,184104,FALSE,0.776,0.808,11,-4.501,1,0.117,0.0297,0.000127,0.103,0.494,123.988,Happy
49,Señorita,"Shawn Mendes, Camila Cabello",80,21-06-2019,0TK2YIli7K1leLovkQiNik,190960,FALSE,0.759,0.54,9,-6.039,0,0.0287,0.037,0,0.0945,0.75,116.947,Happy
50,Imagination,Shawn Mendes,75,14-04-2015,21TcDbGosp7w9YhTjOszgA,217773,FALSE,0.64,0.455,0,-5.942,1,0.0247,0.0743,0,0.0694,0.333,89.948,Happy
53,Drag Me Down,One Direction,81,13-11-2015,2K87XMYnUMqLcX3zvtAF4G,192120,FALSE,0.73,0.703,0,-5.672,0,0.0369,0.109,0,0.0657,0.595,138.113,Happy
56,Let It Roll,Lewis Capaldi,59,22-11-2019,4lRSeOZ97LHOFDk5A0opcq,219693,FALSE,0.616,0.715,6,-4.174,1,0.0345,0.523,0,0.0947,0.634,100.098,Happy
59,Lost In Japan,Shawn Mendes,73,25-05-2018,79esEXlqqmq0GPz0xQSZTV,201200,FALSE,0.713,0.738,10,-6.784,1,0.374,0.255,0,0.106,0.425,105.027,Happy
62,Queen,Shawn Mendes,49,25-05-2018,6D8FZWtCQRtQUVT3mpjrZs,204693,FALSE,0.878,0.688,1,-7.254,1,0.11,0.197,0,0.0872,0.917,131.02,Happy
63,Air,"Shawn Mendes, Astrid S",40,14-04-2015,2hI96mj9iIHNfqCCozP2q3,194147,FALSE,0.758,0.501,0,-7.051,1,0.0589,0.252,0,0.191,0.397,78.048,Happy
66,Break My Baby,KALEO,54,15-01-2020,5NnFkbEjahUGx5T3qxbNCW,265558,FALSE,0.529,0.755,10,-3.917,0,0.0383,0.106,0.000607,0.157,0.383,73.998,Happy
67,Grace,Lewis Capaldi,74,17-05-2019,0pEkK8MqbmGSX7fT8WLMbR,185658,FALSE,0.722,0.565,4,-5.848,1,0.0335,0.435,0,0.165,0.488,104.483,Happy
68,Hold Me While You Wait,Lewis Capaldi,80,17-05-2019,60iSKGrGazRzICtMjADNSM,205687,FALSE,0.688,0.53,11,-5.507,1,0.0333,0.443,0,0.0995,0.162,106.958,Happy
74,Hollywood,Lewis Capaldi,59,17-05-2019,5uGjeXi3epIE8N2ITkxIQ5,191844,FALSE,0.723,0.669,10,-4.897,1,0.0527,0.553,0,0.0959,0.732,125.038,Happy
79,Look What You Made Me Do,Taylor Swift,87,10-11-2017,1P17dC1amhFzptugyAO7Il,211853,FALSE,0.766,0.709,9,-6.471,0,0.123,0.204,1.41E-05,0.126,0.506,128.07,Happy
80,Shake It Off,Taylor Swift,85,01-01-2014,0cqRj7pUJDkTCEsJkx8snD,219200,FALSE,0.647,0.8,7,-5.384,1,0.165,0.0647,0,0.334,0.942,160.078,Happy
81,Blank Space,Taylor Swift,90,01-01-2014,1u8c2t2Cy7UBoG4ArRcF5g,231827,FALSE,0.76,0.703,5,-5.412,1,0.054,0.103,0,0.0913,0.57,95.997,Happy
82,Shape of You,Ed Sheeran,88,03-03-2017,7qiZfU4dY1lWllzX7mPBI3,233713,FALSE,0.825,0.652,1,-3.183,0,0.0802,0.581,0,0.0931,0.931,95.977,Happy
83,What Do I Know?,Ed Sheeran,69,03-03-2017,2pJZ1v8HezrAoZ0Fhzby92,237333,FALSE,0.838,0.492,1,-5.69,0,0.038,0.251,0,0.262,0.895,115.092,Happy
84,Barcelona,Ed Sheeran,65,03-03-2017,3Lfiu5sZ4M4B6JaKMBc0FU,191147,FALSE,0.747,0.76,1,-4.294,1,0.187,0.448,0,0.153,0.682,99.975,Happy
85,Bibia Be Ye Ye,Ed Sheeran,63,03-03-2017,6SznMYPQJHzr3IwsAHLId2,176747,FALSE,0.738,0.677,7,-5.121,1,0.0824,0.52,0,0.133,0.882,127.067,Happy
88,Lost,Maroon 5,55,11-06-2021,6tHQAadcluhVV4oD2IvHSk,172598,FALSE,0.766,0.706,7,-6.553,0,0.16,0.223,0.00028,0.064,0.766,142.989,Happy
89,Button (feat. Anuel AA & Tainy),"Maroon 5, Anuel AA, Tainy",50,11-06-2021,6FDKYM0lBf6zqrg8cFokPd,164224,FALSE,0.717,0.657,10,-6.355,1,0.0714,0.129,0,0.397,0.589,100.924,Happy
90,Thunder,Imagine Dragons,87,23-06-2017,1zB4vmk8tFRmM9UULNzbLB,187147,FALSE,0.605,0.822,0,-4.833,1,0.0438,0.00671,0.134,0.147,0.288,167.997,Happy
91,Demons,Imagine Dragons,87,04-09-2012,5qaEfEh1AtSdrdrByCP7qR,177507,FALSE,0.505,0.71,3,-3.015,1,0.0321,0.19,0.00025,0.269,0.428,89.938,Happy
93,The Spectre,Alan Walker,79,15-09-2017,2DGa7iaidT5s0qnINlwMjJ,193788,FALSE,0.654,0.711,1,-7.437,0,0.0383,0.0214,0.00191,0.0903,0.198,127.957,Happy
95,"Alone, Pt. II","Alan Walker, Ava Max",75,26-11-2021,28VbwtsYnj85UEODGpQRem,179053,FALSE,0.673,0.659,3,-4.493,0,0.0439,0.539,0,0.129,0.628,88.011,Happy
96,Lily,"Alan Walker, K-391, Emelie Hollow",75,14-12-2018,0lks2Kt9veMOFEAPN0fsqN,195840,FALSE,0.423,0.634,6,-5.877,0,0.0578,0.196,0,0.189,0.467,150.978,Happy
97,Alone,Alan Walker,77,14-12-2018,3LlmKSHR3Rs0Y3KHQLAYDk,160427,FALSE,0.673,0.914,10,-3.962,1,0.0496,0.229,0.000478,0.186,0.183,97.021,Happy
99,"Galliyan (From ""Ek Villain"")",Ankit Tiwari,66,03-03-2017,517bz7zkWELmyL4eZzJ5R9,340400,FALSE,0.552,0.75,10,-5.215,0,0.039,0.445,7.37E-05,0.291,0.4,89.999,Happy
101,Dheere Dheere,Yo Yo Honey Singh,74,31-08-2015,4fyR24BKznXBLNkK8LwWla,212413,FALSE,0.73,0.58,0,-7.976,1,0.124,0.0399,2.48E-05,0.0703,0.55,167.915,Happy
103,Samjhawan,"Jawad Ahmad, Shaarib Toshi, Arijit Singh, Shreya Ghoshal",71,19-06-2014,0rk2X5TAhraBC5aCIXK2Rq,269185,FALSE,0.651,0.482,4,-8.666,1,0.0281,0.293,0,0.0811,0.517,106.993,Happy
104,Tu Hai Ki Nahi,Ankit Tiwari,70,09-01-2015,4brSaQIT3bnnE41D042fgL,333922,FALSE,0.535,0.754,10,-4.77,0,0.0562,0.458,1.60E-06,0.302,0.435,143.862,Happy
106,"Gerua (From ""Dilwale"")","Pritam, Arijit Singh, Antara Mitra",66,17-11-2015,7iLA6PQeQWRjLDHOJgGpj5,345559,FALSE,0.371,0.668,11,-7.269,0,0.0497,0.636,2.00E-06,0.294,0.403,87.458,Happy
114,cardigan,Taylor Swift,90,24-07-2020,4R2kfaDFhslZEMJqAFNpdd,239560,FALSE,0.613,0.581,0,-8.588,0,0.0424,0.537,0.000345,0.25,0.551,130.033,Happy
115,the last great american dynasty,Taylor Swift,73,18-08-2020,2olxzvoFI9IpxqFeUv7WOX,231000,TRUE,0.688,0.653,7,-8.558,1,0.0403,0.481,0.00414,0.106,0.701,147.991,Happy
121,mad woman,Taylor Swift,70,18-08-2020,0RP1kqoSPkVXsKiQNhMKzV,237267,TRUE,0.593,0.7,3,-9.016,1,0.0492,0.67,6.77E-06,0.116,0.451,141.898,Happy
131,Speak Now,Taylor Swift,60,25-10-2010,7dXKdjpOaH2iwfFKmUj7aq,240773,FALSE,0.708,0.601,7,-3.75,1,0.0306,0.101,0,0.0979,0.742,118.962,Happy
133,Mean,Taylor Swift,56,25-10-2010,0KztjtD3ytzgYjUKIVfBnW,237747,FALSE,0.57,0.747,4,-3.978,1,0.0426,0.445,0,0.219,0.808,164.004,Happy
135,Heat Waves,Glass Animals,90,07-08-2020,3USxtqRwSYz57Ewm6wWRMp,238805,FALSE,0.761,0.525,11,-6.9,1,0.0944,0.44,6.70E-06,0.0921,0.531,80.87,Happy
136,Happier,"Marshmello, Bastille",60,17-08-2018,2dpaYNEQHiRxtZbfNsse99,214290,FALSE,0.687,0.792,5,-2.749,1,0.0452,0.191,0,0.167,0.671,100.015,Happy
137,Rewrite The Stars,"Zac Efron, Zendaya",77,17-11-2017,630sXRhIcfwr2e4RdNtjKN,217440,FALSE,0.684,0.619,10,-7.005,1,0.0386,0.0716,0,0.122,0.284,125.046,Happy
138,Kamariya,"Aastha Gill, Sachin Sanghvi, Jigar Saraiya, Divya Kumar",70,22-08-2018,5cjVsWqIkBQC7acTRhL0RO,187983,FALSE,0.825,0.666,4,-4.847,0,0.0554,0.143,2.81E-06,0.237,0.763,96.987,Happy
140,As It Was,Harry Styles,94,20-05-2022,4Dvkj6JhhA12EX05fT7y2e,167303,FALSE,0.52,0.731,6,-5.338,0,0.0557,0.342,0.00101,0.311,0.662,173.93,Happy
144,Subha Hone Na De,"Pritam, Mika Singh, Shefali Alvares",69,21-10-2011,6WediUhXDfm8FR3wlM0r3G,288696,FALSE,0.727,0.9,8,-4.529,1,0.0452,0.0805,0.0464,0.154,0.505,131.97,Happy
145,Sooraj Dooba Hain,"Arijit Singh, Aditi Singh Sharma",71,09-01-2015,48pyUxg9RYuwie5M9R7qRn,264854,FALSE,0.616,0.75,2,-4.629,1,0.0594,0.172,0,0.137,0.434,128.051,Happy
146,Masti Ki Paathshala,"A.R. Rahman, Naresh Iyer, Mohammed Aslam",49,04-12-2005,2cZ2Q33G9mkS8fIVKM591T,219853,FALSE,0.845,0.686,7,-6.728,1,0.0781,0.00131,5.35E-05,0.129,0.874,146.954,Happy
147,Chammak Challo,"Akon, Hamsika Iyer",75,16-09-2011,0EH7sgeiFqDa3eS7ieW2zs,227091,FALSE,0.742,0.879,0,-4.274,0,0.0328,0.0696,7.17E-06,0.0981,0.936,133.946,Happy
148,Dildaara (Stand By Me),Shafqat Amanat Ali,71,16-09-2011,6ZoCBDOB308GqUdt2AJrV2,249661,FALSE,0.622,0.779,9,-5.799,1,0.037,0.102,0.000934,0.145,0.761,100.013,Happy
150,Balam Pichkari,"Pritam, Vishal Dadlani, Shalmali Kholgade",67,30-03-2013,18e3XXYCv4Tx8uUl1mP3CN,288903,FALSE,0.732,0.944,0,-4.115,1,0.09,0.209,0,0.401,0.957,120.02,Happy
151,Saturday Saturday,"Shaarib Toshi, Badshah, Indeep Bakshi, Akriti Kakar",62,19-06-2014,7MvQQGqYE4r0ucTarmI2Gr,210799,FALSE,0.847,0.938,8,-4.615,1,0.0974,0.149,0,0.107,0.786,130.02,Happy
152,Let Me Love You,"DJ Snake, Justin Bieber",86,05-08-2016,0lYBSQXN6rCTvUZvg9S0lU,205947,FALSE,0.649,0.716,8,-5.371,1,0.0349,0.0863,2.63E-05,0.135,0.163,99.988,Happy
153,Socha Hai,Farhan Akhtar,54,16-02-2010,7IjnfuMNfdrAXbefurdIIR,246132,FALSE,0.593,0.773,2,-5.591,1,0.0339,0.722,0,0.117,0.561,133.975,Happy
154,Pichle Saat Dinon Mein (Album Version),Farhan Akhtar,49,16-02-2010,1QQqHS80CpR8tA2lR8O65y,187942,FALSE,0.717,0.772,7,-5.852,1,0.0522,0.346,1.05E-06,0.134,0.792,106.077,Happy
155,Sinbad The Sailor,"Farhan Akhtar, Raman Mahadevan",48,16-02-2010,03VTytguq5MS6e3x03y5i1,387262,FALSE,0.592,0.871,0,-6.073,1,0.05,0.415,2.01E-05,0.349,0.526,134.921,Happy
156,Rock On!!,Farhan Akhtar,53,16-02-2010,6fABlNfAOylt7ZxfX8K1XL,231819,FALSE,0.747,0.849,7,-5.916,1,0.0581,0.175,1.23E-06,0.126,0.671,113.034,Happy
160,Sharks,Imagine Dragons,75,24-06-2022,0TyUOnU4H4GLqOcrH0auc8,190883,FALSE,0.927,0.642,10,-4.466,0,0.0657,0.00791,3.62E-05,0.279,0.901,123.969,Happy
164,Forget Me,Lewis Capaldi,27,09-09-2022,5uSFGgIfHMT3osrAd9n9ym,203472,FALSE,0.669,0.742,1,-3.518,0,0.0441,0.296,0,0.355,0.716,101.982,Happy
166,Mercy,Lewis Capaldi,60,20-10-2017,4h2tsEvwk25eHrE7hJlnqB,219813,FALSE,0.628,0.57,6,-7.99,1,0.0375,0.0707,0,0.182,0.369,96.129,Happy
167,Tough,Lewis Capaldi,42,08-11-2018,2ze1pq1OdIIfjDWyQMQloK,228813,FALSE,0.625,0.696,1,-5.617,1,0.0337,0.129,0,0.0839,0.509,115.006,Happy
169,Rush (feat. Jessie Reyez),"Lewis Capaldi, Jessie Reyez",65,23-02-2018,7tTRP2vA00uScZ4SjB3ZQZ,198351,FALSE,0.631,0.609,1,-7.394,1,0.0886,0.565,0,0.635,0.38,119.636,Happy
170,right where you left me - bonus track,Taylor Swift,82,07-01-2021,3zwMVvkBe2qIKDObWgXw4N,245027,FALSE,0.581,0.619,10,-6.524,1,0.0282,0.769,0.000106,0.117,0.645,137.915,Happy
181,New Rules,Dua Lipa,83,02-06-2017,2ekn2ttSfGqwhhate0LSR0,209320,FALSE,0.762,0.7,9,-6.021,0,0.0694,0.00261,1.56E-05,0.153,0.608,116.073,Happy
182,Khalbali,"A.R. Rahman, Nacim, Mohammed Aslam",50,04-12-2005,6sXzqMagXtWvSOI9nNc4UD,379227,FALSE,0.789,0.707,7,-7.973,1,0.109,0.0237,0,0.177,0.605,97.015,Happy
185,Come and Get Your Love - Single Version,Redbone,78,01-11-1973,7GVUmCP00eSsqc4tzj1sDD,205933,FALSE,0.731,0.804,11,-7.621,0,0.0473,0.172,0.00028,0.0685,0.957,107.383,Happy
186,Zindagi Aa Raha Hoon Main,"Atif Aslam, Amaal Mallik",50,13-05-2015,2I2NQ6nvVLKRHya5iB0rEB,287708,FALSE,0.637,0.816,1,-6.772,1,0.0357,0.0916,2.19E-06,0.169,0.536,131,Happy
188,Question...?,Taylor Swift,75,21-10-2022,0heeNYlwOGuUSe7TgUD27B,210557,TRUE,0.751,0.502,7,-8.763,1,0.167,0.2,0,0.296,0.106,108.943,Happy
191,Karma,Taylor Swift,88,21-10-2022,7KokYm8cMIXCsGVmUvKtqf,204852,TRUE,0.642,0.62,8,-7.091,1,0.0666,0.0734,0,0.483,0.0969,90.02,Happy
196,Anti-Hero,Taylor Swift,92,21-10-2022,0V3wPSX9ygBnCm8psDIegu,200690,FALSE,0.637,0.643,4,-6.571,1,0.0519,0.13,1.80E-06,0.142,0.533,97.008,Happy
198,High Infidelity,Taylor Swift,72,22-10-2022,5kiZGSxgqPdv6rbqL9THdd,231475,FALSE,0.646,0.529,10,-10.179,1,0.0864,0.723,0,0.0885,0.755,87.862,Happy
200,"Would've, Could've, Should've",Taylor Swift,75,22-10-2022,0aV5uARAknQgYhBaK944FP,260362,FALSE,0.483,0.84,7,-6.508,1,0.119,0.43,0.000575,0.146,0.55,157.979,Happy
205,Baby,"Justin Bieber, Ludacris",84,01-01-2010,6epn3r7S14KUqlReYr77hA,214240,FALSE,0.728,0.859,5,-5.237,0,0.137,0.0401,0,0.111,0.535,65.043,Happy
206,"Happy - From ""Despicable Me 2""",Pharrell Williams,82,03-03-2014,60nZcImufyMA1MKQY3dcCH,232720,FALSE,0.647,0.822,5,-4.662,0,0.183,0.219,0,0.0908,0.962,160.019,Happy
207,Stay,"Zedd, Alessia Cara",78,23-02-2017,6uBhi9gBXWjanegOb2Phh0,210091,FALSE,0.69,0.622,5,-5.025,0,0.0622,0.253,0,0.116,0.544,102.04,Happy
209,Nobody Can Hear You,"ALIUS, Ariela Jacobs",43,28-01-2022,18D6pX6dMTm4P6XcurVVxX,190199,FALSE,0.597,0.735,1,-5.124,1,0.0362,0.602,0,0.0668,0.307,134.913,Happy
210,Somebody That I Used To Know,"Gotye, Kimbra",82,01-01-2011,1qDrWA6lyx8cLECdZE7TV7,244885,FALSE,0.865,0.521,0,-6.932,1,0.0371,0.548,0.000115,0.0989,0.748,129.059,Happy
215,The Humma Song,"A.R. Rahman, Badshah, Tanishk Bagchi, Shashaa Tirupati, Jubin Nautiyal",66,04-01-2017,7heMX7gyHP0mhTlNgd7Lxd,179658,FALSE,0.721,0.65,0,-6.95,0,0.135,0.0115,0.00014,0.34,0.392,130.487,Happy
218,Ek Main Aur Ekk Tu,"Benny Dayal, Anushka Manchanda",58,29-12-2011,4UDFr3P1lRS6seQfmzCjz7,261878,FALSE,0.77,0.666,4,-7.232,0,0.0608,0.0406,4.10E-06,0.183,0.74,136.004,Happy
221,Pungi,"Pritam, Mika Singh, Amitabh Bhattacharya, Nakash Aziz, Javed Jaffrey",62,24-02-2012,4St20qfnH98z2CEY7Up5yn,247827,FALSE,0.939,0.933,10,-2.688,1,0.0819,0.235,1.04E-06,0.0293,0.708,122.994,Happy
222,Sau Tarah Ke,"Pritam, Jonita Gandhi, Amit Mishra",63,15-07-2016,54SQet8YMttOgTqDNGcGpe,238994,FALSE,0.702,0.773,11,-4.79,1,0.0618,0.0469,0,0.171,0.719,133.888,Happy
223,Numb Little Bug,Em Beihold,76,28-01-2022,3o9kpgkIcffx0iSwxhuNI2,169238,FALSE,0.742,0.527,8,-6.892,0,0.0769,0.327,0,0.25,0.638,84.974,Happy
227,Kar Gayi Chull,"Badshah, Amaal Mallik, Fazilpuria, Sukriti Kakar, Neha Kakkar",66,04-03-2016,3BhjbaGeI7E0CiIjctfdD3,187711,FALSE,0.827,0.737,11,-5.473,0,0.0764,0.0316,0.000322,0.211,0.873,121.99,Happy
228,Kabhi Kabhi Aditi,Rashid Ali,73,21-05-2008,3APdIdF8H0jsxSuGOqXedS,218836,FALSE,0.791,0.558,7,-7.155,0,0.0661,0.276,0,0.0859,0.872,95.077,Happy
229,"Chaar Botal Vodka (From ""Ragini Mms 2"")",Yo Yo Honey Singh,69,12-03-2018,0QHEWicUbdyWuHsMcVd1Ka,225837,FALSE,0.877,0.881,4,-3.713,0,0.0713,0.421,0.000345,0.12,0.874,123.024,Happy
232,Maps,Maroon 5,75,18-05-2015,7oUHzZKNKUTrlU7DYxhQ7v,189960,FALSE,0.742,0.713,1,-5.522,0,0.0303,0.0205,0,0.059,0.879,120.032,Happy
233,Youngblood,5 Seconds of Summer,84,15-06-2018,2iUXsYOEPhVqEBwsqP70rE,203418,FALSE,0.596,0.854,7,-5.114,0,0.463,0.0169,0,0.124,0.152,120.274,Happy
234,Paper Rings,Taylor Swift,86,23-08-2019,4y5bvROuBDPr5fuwXbIBZR,222400,FALSE,0.811,0.719,9,-6.553,1,0.0497,0.0129,1.36E-05,0.0742,0.865,103.979,Happy
235,Death By A Thousand Cuts,Taylor Swift,79,23-08-2019,2dgFqt3w9xIQRjhPtwNk3D,198533,FALSE,0.712,0.732,4,-6.754,1,0.0629,0.454,0,0.319,0.313,94.071,Happy
236,Afterglow,Taylor Swift,82,23-08-2019,1SymEzIT3H8UZfibCs3TYi,223293,FALSE,0.756,0.449,9,-8.746,1,0.0344,0.13,0,0.114,0.399,111.011,Happy
237,Chaar Shanivaar,"Vishal Dadlani, Armaan Malik",35,20-07-2015,63MOJ9xs6xl3PfjzmzRDKv,214596,FALSE,0.501,0.802,10,-6.044,0,0.211,0.217,0,0.156,0.804,79.898,Happy
238,Hero,"Martin Garrix, JVKE",70,08-12-2022,4Wu62DoQg1ECGlDKDfo30R,160714,FALSE,0.534,0.696,9,-5.211,0,0.0694,0.316,0,0.248,0.251,168.149,Happy
239,Main Rang Sharbaton Ka,"Atif Aslam, Chinmayi, Pritam",66,20-09-2013,1yYM7dY6wSJFp5qmxPRLu1,263152,FALSE,0.631,0.631,6,-6.934,1,0.0307,0.693,0,0.133,0.697,89.975,Happy
241,Pehla Pyaar,"Armaan Malik, Vishal Mishra",76,14-06-2019,0ojpEubhy4JNeVftmVuiN7,272533,FALSE,0.607,0.713,4,-5.105,1,0.03,0.56,4.98E-05,0.101,0.611,124.868,Happy
242,Dandelions,Ruth B.,89,05-05-2017,2eAvDnpXP5W0cVtiI0PUxV,233720,FALSE,0.609,0.692,1,-2.958,1,0.0259,0.0157,0,0.0864,0.454,116.959,Happy
244,Attention,Charlie Puth,87,11-05-2018,5cF0dROlMOK5uNZtivgu50,208787,FALSE,0.775,0.613,3,-4.586,0,0.0542,0.109,2.33E-05,0.134,0.797,100.066,Happy
245,Rasputin,Boney M.,71,14-03-1994,5lWSa1rmuSL6OBPOnkAqoa,220667,FALSE,0.69,0.752,6,-11.47,0,0.0455,0.463,0.00102,0.595,0.97,126.005,Happy
246,Pappu Can't Dance,"Benny Dayal, Naresh Iyer, Satish Chakravarthy, Aslam, Blaaze, Tanvi Shah, Bhargavi Pillai",57,21-05-2008,7MkhC2h8lDwyEfaKxf48cJ,264986,FALSE,0.668,0.746,1,-7.592,1,0.0603,0.00335,0.00031,0.0773,0.485,119.696,Happy
247,Why This Kolaveri Di? - The Soup of Love,"Anirudh Ravichander, Dhanush",65,16-11-2011,2VGs7EmaIxq96Wcog6DQOc,259293,FALSE,0.82,0.785,5,-4.003,0,0.158,0.59,1.79E-05,0.372,0.894,140.013,Happy
250,Teri Jhuki Nazar,"Pritam, Shafqat Amanat Ali",67,01-02-2013,3beYHVCFKzbdNjJqjKeYpM,279187,FALSE,0.386,0.815,11,-3.395,1,0.0417,0.707,0,0.159,0.349,124.293,Happy
253,Tum Se Hi,"Pritam, Mohit Chauhan",78,21-09-2007,7eQl3Yqv35ioqUfveKHitE,321225,FALSE,0.609,0.538,6,-7.842,1,0.0273,0.328,0,0.125,0.608,130.015,Happy
255,Bheegi Si Bhaagi Si,"Pritam, Mohit Chauhan, Antara Mitra",60,12-05-2010,665b3Nss3OQmhTUdB5hBXw,278093,FALSE,0.564,0.867,8,-6.21,1,0.121,0.361,0,0.262,0.815,88.919,Happy
257,Waka Waka (This Time for Africa) [The Official 2010 FIFA World Cup (TM) Song] (feat. Freshlyground),"Shakira, Freshlyground",69,28-05-2010,6bNB5gxFX6Q87DbQWb8OWZ,202627,FALSE,0.758,0.871,2,-6.408,1,0.147,0.0062,0,0.0663,0.753,126.994,Happy
259,"Jai Ho - From ""Slumdog Millionaire""",The Hollywood LA Soundtrack Orchestra,36,03-06-2013,7LGSPUrp1l8IEuUqM6NG39,315000,FALSE,0.742,0.686,7,-9.917,1,0.0526,0.0773,0.00339,0.13,0.527,136.947,Happy
260,Ilahi,"Pritam, Arijit Singh",71,30-03-2013,5cgKosPPj5Cs9a2JQufUc1,228982,FALSE,0.593,0.967,9,-5.767,1,0.0907,0.166,2.54E-05,0.105,0.452,131.988,Happy
262,Choo Lo,The Local Train,74,25-09-2015,2qgXrzJsry4KgYoJCpuaul,233630,FALSE,0.512,0.695,4,-6.349,1,0.0271,0.0265,0.00815,0.146,0.351,145.957,Happy
265,Woh Din,"Pritam, Arijit Singh",61,31-08-2019,5qtEWwRUX3GKgpWwDQf9SA,258036,FALSE,0.652,0.681,0,-7.565,1,0.0379,0.503,8.20E-06,0.181,0.677,81.489,Happy
268,Challa,"A.R. Rahman, Rabbi, Gulzar",66,09-10-2012,6wXPV6dNRAhFavrRaCdMXT,320418,FALSE,0.776,0.795,0,-5.454,1,0.0485,0.121,0,0.138,0.569,117.989,Happy
269,Left and Right (Feat. Jung Kook of BTS),"Charlie Puth, Jung Kook, BTS",82,06-10-2022,5Odq8ohlgIbQKMZivbWkEo,154487,FALSE,0.881,0.592,2,-4.898,1,0.0324,0.619,1.32E-05,0.0901,0.719,101.058,Happy
270,Light Switch,Charlie Puth,78,06-10-2022,1jEBSDN5vYViJQr78W7jr2,187704,FALSE,0.689,0.627,6,-5.692,1,0.308,0.105,0.000321,0.0905,0.905,184.008,Happy
272,What Makes You Beautiful,One Direction,86,25-05-2012,4cluDES4hQEUhmXj6TXkSo,199987,FALSE,0.726,0.787,4,-2.494,1,0.0737,0.009,0,0.0596,0.888,124.99,Happy
273,Story of My Life,One Direction,85,25-11-2013,4nVBt6MZDDP6tRVdQTgxJg,245493,FALSE,0.6,0.663,3,-5.802,1,0.0477,0.225,0,0.119,0.286,121.07,Happy
277,One Kiss (with Dua Lipa),"Calvin Harris, Dua Lipa",86,06-04-2018,7ef4DlsgrMEH11cDZd32M6,214847,FALSE,0.791,0.862,9,-3.24,0,0.11,0.037,2.19E-05,0.0814,0.592,123.994,Happy
278,History,One Direction,75,13-11-2015,0HMjXBAZmSYOTTi33WpMso,187427,FALSE,0.655,0.699,11,-4.421,1,0.0493,0.0352,0,0.064,0.802,86.704,Happy
279,WTF (feat. Amber Van Day),"HUGEL, Amber Van Day",65,30-11-2018,0gn93i7HJt0calph67R5Wu,160687,TRUE,0.808,0.737,11,-4.538,0,0.0526,0.0602,1.12E-06,0.704,0.865,123.985,Happy
280,Te Amo (Duet),"Pritam, Ash King, Sunidhi Chauhan",63,15-03-2011,3x55c9UVpbURc2T02DLfEM,284723,FALSE,0.594,0.757,11,-5.381,1,0.0504,0.606,0,0.251,0.597,127.894,Happy
281,Come Through (feat. Lil Tecca),"Bankrol Hayden, Lil Tecca",59,24-09-2021,3RoCi49XvcidDK7OqGw7fb,112614,TRUE,0.872,0.623,3,-3.94,0,0.0389,0.41,0,0.184,0.72,104.07,Happy
284,Take on Me,a-ha,90,01-06-1985,2WfaOiMkCvy7F5fcp2zZ8L,225280,FALSE,0.573,0.902,6,-7.638,0,0.054,0.018,0.00125,0.0928,0.876,84.412,Happy
286,Make You Mine,PUBLIC,77,09-08-2019,5iFwAOB2TFkPJk8sMlxP8g,232907,FALSE,0.606,0.799,9,-4.452,1,0.0261,0.0128,0,0.15,0.638,103.014,Happy
289,Payphone,"Maroon 5, Wiz Khalifa",86,01-01-2012,1XGmzt0PVuFgQYYnV2It7A,231173,TRUE,0.743,0.752,4,-4.813,1,0.0414,0.0188,0,0.287,0.545,110.015,Happy
291,How Do I Say Goodbye,Dean Lewis,79,31-08-2022,5hnGrTBaEsdukpDF6aZg8a,163603,FALSE,0.4,0.641,8,-6.303,1,0.0674,0.214,0,0.0656,0.393,81.552,Happy
293,Bad Liar,Imagine Dragons,82,09-11-2018,2RSHsoi04658QL5xgQVov3,260773,FALSE,0.383,0.637,3,-6.993,1,0.0703,0.0722,0,0.368,0.0827,177.913,Happy
294,Steal My Girl,One Direction,81,17-11-2014,2Bs4jQEGMycglOfWPBqrVG,228133,FALSE,0.536,0.768,10,-5.948,0,0.0347,0.00433,0,0.114,0.545,77.217,Happy
296,What a Feeling,One Direction,68,13-11-2015,0iSWAT0EL8TwmzcgBjKMh6,200533,FALSE,0.678,0.869,0,-4.345,0,0.0461,0.149,0,0.0593,0.882,123.964,Happy
297,Olivia,One Direction,70,13-11-2015,5dONhl6aXFuN86UBdayF6W,177973,FALSE,0.64,0.681,6,-5.362,1,0.0334,0.0438,0,0.166,0.676,118.062,Happy
298,Rockstar,BoyWithUke,66,10-02-2023,538txyi52ZOwzWxIQsCT12,193526,TRUE,0.685,0.549,7,-6.826,1,0.0361,0.0409,0,0.136,0.614,115.039,Happy
303,"Akeboshi (From ""Demon Slayer: Kimetsu no Yaiba - Mugen Train Arc"")",Akano,36,06-11-2021,3dzAlsDlPncblNKuVxmHX7,91737,FALSE,0.567,0.845,1,-5.26,1,0.0471,0.187,0,0.358,0.625,94.877,Happy
307,Flatline,5 Seconds of Summer,53,23-09-2022,4R1fcNFZqbzlQdme9N4xyy,183662,FALSE,0.587,0.781,9,-4.413,1,0.0324,0.0625,0,0.29,0.613,145.107,Happy
313,Circles,Post Malone,88,06-09-2019,21jGcNKet2qwijlDFuPiPb,215280,FALSE,0.695,0.762,0,-3.497,1,0.0395,0.192,0.00244,0.0863,0.553,120.042,Happy
315,What's Up Danger (with Black Caviar),"Blackway, Black Caviar",76,14-12-2018,5zsHmE2gO3RefVsPyw2e3T,222307,FALSE,0.701,0.755,2,-5.82,1,0.0417,0.00363,0.000795,0.121,0.116,95.036,Happy
318,Sunflower - Spider-Man: Into the Spider-Verse,"Post Malone, Swae Lee",86,14-12-2018,3KkXRkHbMCARz0aVfEt68P,158040,FALSE,0.76,0.479,2,-5.574,1,0.0466,0.556,0,0.0703,0.913,89.911,Happy
321,hot girl bummer,blackbear,79,21-08-2020,6jRq8gaZhMUyy5RclRPcAf,188344,TRUE,0.782,0.559,6,-7.106,0,0.0767,0.125,0,0.385,0.685,129.992,Happy
322,"Money Game, Pt. 2",Ren,0,30-04-2020,7sm26Lg0owQ4nitEDAfM6V,218816,TRUE,0.887,0.496,7,-8.148,0,0.335,0.63,0,0.112,0.742,98.023,Happy
323,STAY (with Justin Bieber),"The Kid LAROI, Justin Bieber",85,09-07-2021,5HCyWlXZPP0y6Gqq8TgA20,141806,TRUE,0.591,0.764,1,-5.484,1,0.0483,0.0383,0,0.103,0.478,169.928,Happy
326,WANT YOU!,Alex Sampson,50,28-07-2023,28oRFmiVNNgogveJKQwAlD,189600,FALSE,0.604,0.766,2,-2.941,1,0.0307,0.0417,0,0.101,0.547,87.547,Happy
327,Best Song Ever,One Direction,78,25-11-2013,5T7ZFtCcOgkpjxcuaeZbw0,200107,FALSE,0.652,0.877,1,-2.986,1,0.0465,0.0227,0,0.0789,0.486,118.491,Happy
328,Shinunoga E-Wa,Fujii Kaze,82,20-05-2020,0o9zmvc5f3EFApU52PPIyW,185573,FALSE,0.6,0.76,6,-6.124,0,0.0452,0.166,4.09E-05,0.189,0.519,158.078,Happy
329,SPECIALZ,King Gnu,85,01-09-2023,0GWNtMohuYUEHVZ40tcnHF,238987,FALSE,0.566,0.85,6,-4.431,0,0.0599,0.0663,0,0.319,0.722,117.048,Happy
331,Stereo Hearts (feat. Adam Levine),"Gym Class Heroes, Adam Levine",83,11-11-2011,0qOnSQQF0yzuPWsXrQ9paz,210960,FALSE,0.646,0.795,9,-3.293,1,0.0976,0.0319,0,0.267,0.796,89.99,Happy
332,Maybe My Soulmate Died,iamnotshane,72,15-06-2022,0Q06bNL4pMTlkilvL88nda,114375,FALSE,0.612,0.488,0,-9.993,1,0.244,0.0753,0.00197,0.122,0.496,96.029,Happy
333,Everything Goes On,"Porter Robinson, League of Legends",69,14-07-2022,3WBRfkOozHEsG0hbrBzwlm,202821,FALSE,0.55,0.648,7,-6.542,1,0.0309,0.0191,0,0.0999,0.323,156.957,Happy
334,Die For You,"VALORANT, Grabbitz",72,22-11-2021,2lz3zjQ5QCVXiyOzIk02vW,212927,FALSE,0.598,0.705,11,-5.462,1,0.0333,0.0826,1.80E-05,0.133,0.104,95.018,Happy
335,Wake Me Up,Avicii,88,01-01-2013,0nrRP2bk19rLc0orkWPQk2,247427,FALSE,0.532,0.783,2,-5.697,1,0.0523,0.0038,0.0012,0.161,0.643,124.08,Happy
336,Waiting For Love,Avicii,83,02-10-2015,2P4OICZRVAQcYAV2JReRfj,230613,FALSE,0.579,0.736,6,-3.863,0,0.0527,0.31,0,0.198,0.613,127.999,Happy
339,Mirrors,Justin Timberlake,84,15-03-2013,4rHZZAmHpZrA3iH5zx8frV,484147,FALSE,0.574,0.512,5,-6.664,0,0.0503,0.234,0,0.0946,0.512,76.899,Happy
340,Pretty Savage,BLACKPINK,71,02-10-2020,28tufPkTcXmdNqTvi9hsoG,199122,FALSE,0.699,0.588,9,-6.533,0,0.0402,0.00807,0.000131,0.107,0.35,151.971,Happy
342,Starboy,"The Weeknd, Daft Punk",93,25-11-2016,7MXVkk9YMctZqd1Srtv4MB,230453,TRUE,0.679,0.587,7,-7.015,1,0.276,0.141,6.35E-06,0.137,0.486,186.003,Happy
343,Bumpy Ride,"Mohombi, Pitbull",56,01-01-2010,6yPYf2WsJWfbUM6f63MwQq,208440,FALSE,0.703,0.867,0,-4.433,0,0.05,0.0549,0,0.284,0.774,105,Happy
346,Zero After Zero,"KSHMR, KR$NA, Talay Riley",61,03-11-2023,6mhopOuZqV3ujE7oQ9T1tM,174942,TRUE,0.771,0.768,1,-7.429,1,0.0361,0.00838,0.0124,0.172,0.526,123.976,Happy
347,Khatta Flow,"Seedhe Maut, KR$NA",68,19-08-2023,2qb5ASYergjk2qNLvYEQJD,152415,TRUE,0.858,0.737,9,-7.077,1,0.266,0.284,0,0.117,0.717,140.055,Happy
348,No Cap,KR$NA,62,10-11-2021,1XdUEm2MwB6ysy6E80ltMg,205424,TRUE,0.888,0.782,9,-6.195,0,0.21,0.23,0,0.315,0.82,118.017,Happy
349,I Guess,KR$NA,61,26-10-2022,0OxG3hlJNNzXcSrNVXEu8f,186087,FALSE,0.83,0.905,8,-5.018,0,0.237,0.172,0,0.153,0.926,137.953,Happy
350,Prarthana,"KR$NA, Bharg",65,29-08-2023,3l3BzT3Ovdx2mQK366r5Ei,199672,TRUE,0.903,0.844,11,-5.436,0,0.0974,0.133,0,0.114,0.823,121.988,Happy
351,Hola Amigo,"KR$NA, Seedhe Maut, Umair",66,29-08-2023,19pHSvXUwErAXFktkvYMk9,226286,TRUE,0.913,0.62,8,-6.098,1,0.0921,0.179,0,0.17,0.657,140.058,Happy
352,Counting Stars,OneRepublic,88,01-01-2013,2tpWsVSb9UEmDRxAl1zhX1,257267,FALSE,0.664,0.705,1,-4.972,0,0.0382,0.0654,0,0.118,0.477,122.016,Happy
0,The Rains of Castamere,"Ramin Djawadi, Serj Tankian",58,19-05-2019,0CHvs1UmxA90B2apIpbWCC,224306,FALSE,0.285,0.15,0,-12.306,0,0.032,0.792,0.2,0.102,0.138,83.768,Sad
2,"I See Fire - From ""The Hobbit - The Desolation Of Smaug""",Ed Sheeran,73,01-01-2013,3B7udSGy2PfgoCniMSb523,300840,FALSE,0.581,0.0549,10,-20.514,0,0.0397,0.559,0,0.0718,0.234,152.037,Sad
4,Playground (from the series Arcane League of Legends),Bea Miller,24,06-11-2021,5S09u7HLG7mNfkchjnc5uz,230526,FALSE,0.514,0.703,8,-6.859,1,0.0298,0.0107,7.62E-05,0.13,0.356,157.399,Sad
6,One - Single Version,Three Dog Night,56,01-01-1968,4ME2YQNThxEW63fxojzHvN,185827,FALSE,0.55,0.409,5,-12.702,0,0.0321,0.312,0,0.096,0.405,61.226,Sad
9,Way down We Go,KALEO,85,10-06-2016,0y1QJc3SJVPKJ1OvFmFqe6,213707,FALSE,0.489,0.505,10,-8.022,0,0.117,0.579,0.000333,0.104,0.337,163.255,Sad
16,I Want More,KALEO,56,15-01-2020,4xQRRue5qsu2tULiz7UDKi,212393,FALSE,0.55,0.531,8,-7.431,1,0.0309,0.256,0,0.0509,0.364,98.014,Sad
22,Memories,Maroon 5,86,11-06-2021,4cktbXiXOapiLBMprHFErI,189486,FALSE,0.775,0.327,11,-7.241,1,0.0557,0.841,0,0.0821,0.595,91.05,Sad
23,Wishing Well (feat. Lucy Tops),"Stomper, Daniel Eppel, Lucy Tops",40,10-12-2017,0imM6cQ9NVfHT4aph5Y9Od,211442,FALSE,0.478,0.318,2,-14.697,1,0.0334,0.832,0.0546,0.208,0.0681,94.998,Sad
24,Industry,Mire Kay,0,15-04-2011,34IofgNOJWM3LzBLAqXEbK,227927,FALSE,0.218,0.28,10,-12.639,1,0.0339,0.648,0.0378,0.0943,0.0395,88.785,Sad
25,"Something Stupid (From ""Better Call Saul"")",Lola Marsh,57,05-10-2018,29EdNlJQqStWhNkSGpkuFQ,268846,FALSE,0.646,0.467,4,-9.507,1,0.0273,0.622,0.000274,0.081,0.501,103.962,Sad
31,Perfect,Ed Sheeran,89,03-03-2017,0tgVpDi06FyKpA1z0VMD4v,263400,FALSE,0.599,0.448,8,-6.312,1,0.0232,0.163,0,0.106,0.168,95.05,Sad
42,Golden Brown,The Stranglers,72,1981,2AX5E86cn9n2dgioZEjirI,206760,FALSE,0.562,0.383,6,-15.474,1,0.0304,0.143,0.124,0.138,0.599,93.764,Sad
51,Before You Go,Lewis Capaldi,86,22-11-2019,2gMXnyrvIjhVBUZwvLZDMP,215107,FALSE,0.459,0.575,3,-4.858,1,0.0573,0.604,0,0.0885,0.183,111.881,Sad
52,Bruises,Lewis Capaldi,83,17-05-2019,4Of7rzpRpV1mWRbhp5rAqG,220492,FALSE,0.736,0.308,4,-7.83,1,0.0677,0.946,0,0.186,0.361,111.202,Sad
55,Leaving My Love Behind,Lewis Capaldi,70,22-11-2019,1NxHgM5nOnmqi3KUVLbaIw,210213,FALSE,0.409,0.446,2,-4.836,1,0.0317,0.65,0,0.0862,0.135,75.638,Sad
57,Roses,Shawn Mendes,58,20-04-2017,4uzUuDjoufcBXYZ27CsLIF,232200,FALSE,0.611,0.489,0,-6.771,1,0.0343,0.4,0,0.117,0.267,78.145,Sad
58,Patience,Shawn Mendes,52,20-04-2017,0JZ9lcwFcAscMpy1YxUtpW,175253,FALSE,0.553,0.571,3,-6.345,1,0.2,0.107,0,0.111,0.443,179.848,Sad
60,Why,Shawn Mendes,55,25-05-2018,3XeqINnregzwBJNg7RyyH4,238173,FALSE,0.689,0.416,0,-9.247,0,0.0494,0.648,1.64E-06,0.0637,0.248,127.031,Sad
61,Youth (feat. Khalid),"Shawn Mendes, Khalid",65,25-05-2018,1h0yImRPIVAjhhHeNVlTuC,190867,FALSE,0.534,0.596,6,-6.653,0,0.117,0.56,0,0.133,0.324,100.121,Sad
64,This Is What It Takes,Shawn Mendes,40,14-04-2015,757T90z5XdtaPetOxMY4wv,230440,FALSE,0.483,0.324,0,-6.703,1,0.0317,0.384,0,0.119,0.324,81.879,Sad
65,The Weight,Shawn Mendes,51,14-04-2015,3Mi8mCnvcBPdiPgmHYWEow,183467,FALSE,0.476,0.496,10,-6.948,1,0.0368,0.416,0,0.0945,0.333,111.355,Sad
69,Someone You Loved,Lewis Capaldi,90,17-05-2019,7qEHsqek33rTcFNT9PFqLf,182161,FALSE,0.501,0.405,1,-5.679,1,0.0319,0.751,0,0.105,0.446,109.891,Sad
70,Maybe,Lewis Capaldi,57,17-05-2019,5HU2B0yEnvg5EUB8FWeoda,210116,TRUE,0.681,0.636,4,-5.485,1,0.0409,0.65,0,0.258,0.341,96.966,Sad
71,Forever,Lewis Capaldi,76,17-05-2019,12OLyHDxt6dqlAybSPFBK3,210863,FALSE,0.646,0.355,1,-7.119,1,0.0263,0.873,0,0.115,0.364,84.988,Sad
72,One,Lewis Capaldi,68,17-05-2019,5C1TucCRf4Vjjree1OItyv,179908,FALSE,0.708,0.339,9,-7.085,1,0.0409,0.834,0,0.128,0.512,117.995,Sad
73,Don't Get Me Wrong,Lewis Capaldi,55,17-05-2019,4QGHin0gSqzPrPJhPU5gWn,213091,FALSE,0.57,0.324,4,-7.866,1,0.0374,0.837,0,0.109,0.137,79.858,Sad
75,Lost On You,Lewis Capaldi,64,17-05-2019,6glNKSv2aUtfQhe1SJBZZt,197179,FALSE,0.555,0.282,10,-8.228,1,0.0612,0.889,0,0.0927,0.382,125.522,Sad
76,Headspace,Lewis Capaldi,54,17-05-2019,4RtlhOoWNO5ReUwdmTdTcG,306801,FALSE,0.368,0.228,11,-9.183,1,0.0335,0.865,1.99E-06,0.111,0.194,146.881,Sad
77,All the Pretty Girls,KALEO,72,10-06-2016,0QQIhT6PtJ5glyn4HKNKQ6,269893,FALSE,0.466,0.496,1,-6.606,1,0.0302,0.626,6.22E-06,0.117,0.352,74.747,Sad
86,Girls Like You,Maroon 5,73,15-06-2018,7npLlaPu9Mfno8hjk5OagD,215230,TRUE,0.611,0.462,0,-7.054,1,0.0646,0.558,1.01E-06,0.131,0.377,59.635,Sad
87,invisible string,Taylor Swift,73,18-08-2020,2ehRU518I0hYqMGQnk4lDY,252880,FALSE,0.651,0.459,4,-11.128,0,0.0507,0.859,6.63E-05,0.105,0.454,83.455,Sad
92,Faded,Alan Walker,73,04-12-2015,7gHs73wELdeycvS48JfIos,212627,FALSE,0.589,0.651,6,-5.097,1,0.0306,0.0291,3.20E-06,0.111,0.166,90.011,Sad
94,Darkside,"Alan Walker, Au/Ra, Tomine Harket",75,14-12-2018,6SRWhUJcD2YKahCwHavz3X,211680,FALSE,0.43,0.606,4,-5.115,0,0.0431,0.131,0,0.173,0.123,169.988,Sad
98,"Bekhayali (From ""Kabir Singh"")","Sachet Tandon, Sachet-Parampara",71,24-05-2019,1feANd8EfcDP5UqSvbheM3,371791,FALSE,0.308,0.585,9,-5.18,0,0.0428,0.45,0,0.319,0.345,171.843,Sad
100,Sunn Raha Hai,Ankit Tiwari,73,06-04-2013,5PvwPy5eRO8BPwpRzCHK3D,390223,FALSE,0.394,0.641,0,-6.493,0,0.0312,0.276,0,0.0958,0.335,81.932,Sad
102,Main Hoon Hero Tera (Salman Khan Version),Salman Khan,54,14-08-2015,4Cv8UaSA8aQrBdiYO6MxgV,284074,FALSE,0.672,0.558,5,-7.936,0,0.0297,0.0111,1.31E-05,0.124,0.236,109.999,Sad
105,Janam Janam,"Pritam, Arijit Singh, Antara Mitra",70,17-11-2015,4km0RUkMMFdx8iDuq36o2w,237897,FALSE,0.301,0.581,11,-7.324,0,0.0422,0.602,0,0.0757,0.235,132.051,Sad
107,Ishq Wala Love,"Vishal-Shekhar, Salim Merchant, Neeti Mohan, Shekhar Ravjiani",74,31-08-2012,1hQia6rxgfM1ly2hE3StWp,257973,FALSE,0.711,0.295,0,-12.377,0,0.0334,0.534,4.51E-05,0.0782,0.694,135.041,Sad
108,Tu Jo Mila,"Pritam, KK",68,07-07-2015,7txLCGOXyDlDXTjtR1Sk4v,242864,FALSE,0.576,0.591,0,-7.725,1,0.0332,0.795,6.85E-05,0.266,0.478,124.013,Sad
109,"Kabhi Jo Baadal Barse (From ""Jackpot)",Arijit Singh,68,11-02-2016,2dOWkdPfiT9SU2Wm734Rh6,254300,FALSE,0.451,0.449,0,-6.702,0,0.0293,0.261,0,0.143,0.217,149.768,Sad
110,Hamari Adhuri Kahani (Title Track),"Jeet Gannguli, Arijit Singh",76,21-05-2015,3HiobOOpSpMsi95WBKPBYk,398799,FALSE,0.223,0.359,0,-7.569,1,0.0312,0.845,0,0.133,0.193,73.059,Sad
113,my tears ricochet,Taylor Swift,82,24-07-2020,1MgV7FIyNxIG7WzMRJV5HC,255894,FALSE,0.456,0.263,0,-10.63,1,0.0332,0.806,0,0.0749,0.111,129.86,Sad
116,the 1,Taylor Swift,74,18-08-2020,4pfrrhvplbJZAIsfosGWQP,210240,TRUE,0.78,0.361,0,-6.942,1,0.048,0.75,7.14E-06,0.108,0.163,139.902,Sad
117,mirrorball,Taylor Swift,73,18-08-2020,2I8YAEA1VmCuP1wkJHMpTw,208973,FALSE,0.549,0.417,7,-10.064,1,0.035,0.686,1.90E-06,0.0604,0.347,110.137,Sad
118,seven,Taylor Swift,72,18-08-2020,76mOLcXOjOEhyY4mMF1l3r,208907,FALSE,0.602,0.494,4,-10.813,1,0.0277,0.888,2.59E-05,0.0902,0.374,94.955,Sad
119,august,Taylor Swift,74,18-08-2020,6nK2pIKFcRc5frrZKHgsiT,261920,FALSE,0.387,0.634,5,-9.222,1,0.0363,0.553,6.93E-05,0.0931,0.42,89.567,Sad
120,illicit affairs,Taylor Swift,73,18-08-2020,6DrLROM5MG9bxWHeEG5elq,190893,FALSE,0.529,0.304,10,-10.567,1,0.0356,0.862,0,0.108,0.44,119.58,Sad
122,betty,Taylor Swift,72,18-08-2020,3IhtE4fkytdrtEfV34UzkD,294520,TRUE,0.595,0.376,0,-8.767,1,0.0256,0.589,0,0.0989,0.476,95.946,Sad
123,peace,Taylor Swift,70,18-08-2020,6JlI8Ay77m4nJvZTHvfT1J,234000,TRUE,0.644,0.284,5,-12.879,1,0.0821,0.916,1.50E-05,0.0909,0.328,150.072,Sad
124,hoax,Taylor Swift,69,18-08-2020,0YeDG5HnKnG7jpArkzsSPa,220040,FALSE,0.676,0.178,8,-15.01,1,0.0394,0.964,7.90E-06,0.135,0.404,118.84,Sad
125,the lakes - bonus track,Taylor Swift,73,18-08-2020,0eFQWVz0qIxDOvhLpZ40P7,211813,FALSE,0.313,0.258,2,-11.532,1,0.0383,0.842,1.30E-06,0.0948,0.268,179.947,Sad
127,Forever Winter (Taylor's Version) (From The Vault),Taylor Swift,60,12-11-2021,0EepXu0NfnnUX8efEZR167,263533,FALSE,0.611,0.552,7,-5.828,1,0.031,0.256,0,0.134,0.41,116.012,Sad
128,God's Whisper,Raury,47,24-02-2015,4BjX3hTy43SMyXUKXBVF2v,248613,FALSE,0.611,0.556,9,-9.999,0,0.0293,0.0626,0.343,0.107,0.412,144.023,Sad
130,Back To December,Taylor Swift,70,25-10-2010,5l6GqSxplqnZbLg0LTPQeG,293040,FALSE,0.517,0.606,2,-5.797,1,0.0289,0.0202,0,0.324,0.296,141.929,Sad
134,Lover,Taylor Swift,92,23-08-2019,1dGr1c8CrMLDpV6mPbImSI,221307,FALSE,0.359,0.543,7,-7.582,1,0.0919,0.492,1.58E-05,0.118,0.453,68.534,Sad
141,Daylight,Harry Styles,79,20-05-2022,51Zw1cKDgkad0CXv23HCMU,164533,FALSE,0.686,0.445,0,-7.189,1,0.0398,0.484,0.00144,0.175,0.626,145.5,Sad
142,Kabira,"Pritam, Tochi Raina, Rekha Bhardwaj",77,30-03-2013,4bD9z9qa4qg9BhryvYWB7c,223460,FALSE,0.59,0.555,2,-6.861,1,0.0271,0.481,0,0.192,0.191,84.027,Sad
143,Roobaroo,"A.R. Rahman, Naresh Iyer",59,04-12-2005,3vqJY3pVELLIxqXXyI08yr,282973,FALSE,0.675,0.582,9,-8.891,1,0.0277,0.661,5.56E-06,0.0854,0.538,120.991,Sad
157,Ye Tumhari Meri Baatein,Dominique,57,16-02-2010,1xaj4bm3GMthtoZHUfepl1,324058,FALSE,0.351,0.552,5,-7.404,1,0.0273,0.393,0.000494,0.112,0.319,87.769,Sad
158,Tum Ho Toh,Farhan Akhtar,51,16-02-2010,2uy15favOgEOtS8wjAD9B1,251277,FALSE,0.469,0.361,0,-8.275,1,0.0293,0.785,0.00154,0.104,0.0775,111.972,Sad
159,Fade,Lewis Capaldi,44,22-11-2019,5vb911FNE2t5YSFxIVSXWj,246053,TRUE,0.432,0.492,7,-7.705,1,0.0464,0.362,0,0.0962,0.119,138.445,Sad
165,drivers license - Spotify Singles,Lewis Capaldi,66,21-09-2022,10wk4XQdba4QpHgFb28Ktk,262544,TRUE,0.543,0.23,4,-12.532,1,0.0417,0.845,0,0.11,0.307,127.357,Sad
168,when the party's over - Recorded at Spotify Studios NYC,Lewis Capaldi,67,12-06-2019,6H7fWtwEUHVfTyZD7zeG4w,232837,FALSE,0.509,0.183,10,-10.27,1,0.0377,0.946,0,0.0914,0.258,117.354,Sad
171,Ghost Of You,5 Seconds of Summer,76,15-06-2018,1MhXdlCQPnO56T57MfmaRm,197411,FALSE,0.458,0.561,10,-4.819,1,0.0269,0.0965,0,0.156,0.206,149.875,Sad
172,Night Changes,One Direction,88,17-11-2014,5O2P9iiztwhomNh8xkR9lJ,226600,FALSE,0.672,0.52,8,-7.747,1,0.0353,0.859,0,0.115,0.37,120.001,Sad
173,Maybe,Christian Leave,40,15-10-2021,2WharvxRQJWtEF8dcf7qkz,180029,FALSE,0.397,0.408,7,-8.357,1,0.0259,0.753,0.0367,0.112,0.138,75.011,Sad
174,The Joker And The Queen (feat. Taylor Swift),"Ed Sheeran, Taylor Swift",61,27-05-2022,2dk3qSc7779ecP8w6rNoT9,185422,FALSE,0.528,0.309,0,-7.398,1,0.0329,0.924,2.10E-06,0.282,0.307,133.83,Sad
183,Khoon Chala,"A.R. Rahman, Mohit Chauhan",38,04-12-2005,56y6UhrAnXeSovZIE497DL,189280,FALSE,0.397,0.247,1,-13.358,0,0.0427,0.755,0,0.108,0.121,122.119,Sad
184,Luka Chuppi,"A.R. Rahman, Lata Mangeshkar",60,04-12-2005,500H9ENeR5AYbKU1ScK6ME,396507,FALSE,0.601,0.441,4,-8.946,1,0.0285,0.645,1.08E-06,0.0986,0.202,103.862,Sad
187,Lavender Haze,Taylor Swift,85,21-10-2022,5jQI2r1RdgtuT8S3iG8zFC,202396,TRUE,0.733,0.436,10,-10.489,1,0.08,0.258,0.000573,0.157,0.0976,96.985,Sad
189,Snow On The Beach (feat. Lana Del Rey),"Taylor Swift, Lana Del Rey",78,21-10-2022,1wtOxkiel43cVs0Yux5Q4h,256124,TRUE,0.663,0.319,9,-13.481,1,0.0375,0.69,0.000993,0.117,0.193,109.957,Sad
190,Sweet Nothing,Taylor Swift,76,21-10-2022,0wavGRldH0AWyu2zvTz8zb,188497,FALSE,0.337,0.156,0,-14.919,1,0.0518,0.964,7.72E-05,0.115,0.39,176.655,Sad
192,Midnight Rain,Taylor Swift,85,21-10-2022,3rWDp9tBPQR9z6U5YyRSK4,174783,FALSE,0.643,0.363,0,-11.738,1,0.0767,0.69,5.17E-05,0.115,0.23,139.865,Sad
193,Mastermind,Taylor Swift,78,21-10-2022,7FmYn9e7KHMXcxqGSj9LjH,191039,FALSE,0.662,0.357,4,-14.064,1,0.154,0.553,0.00129,0.0837,0.124,125.966,Sad
194,"You're On Your Own, Kid",Taylor Swift,85,21-10-2022,4D7BCuvgdJlYvlX5WlN54t,194207,FALSE,0.696,0.396,2,-10.289,1,0.0656,0.401,5.20E-06,0.125,0.38,120.041,Sad
195,Maroon,Taylor Swift,80,21-10-2022,3eX0NZfLtGzoLUxPNvRfqm,218271,TRUE,0.637,0.398,7,-8.294,1,0.0564,0.0573,1.03E-06,0.101,0.0374,108.075,Sad
197,Bigger Than The Whole Sky,Taylor Swift,74,22-10-2022,0BiqmkasE5FdrChwKfVp8X,218503,FALSE,0.422,0.235,6,-12.379,1,0.0568,0.826,0.00648,0.115,0.068,165.71,Sad
199,Glitch,Taylor Swift,70,22-10-2022,6wAFvJPpTZVirBKGZ4EnMW,148781,FALSE,0.675,0.466,11,-9.738,0,0.201,0.361,0,0.11,0.347,140.864,Sad
201,Something in the Orange,Zach Bryan,90,22-04-2022,3WMj8moIAXJhHsyLaqIIHI,228013,FALSE,0.369,0.192,4,-12.151,0,0.04,0.555,8.35E-06,0.0954,0.148,175.212,Sad
202,Kaise Hua,Vishal Mishra,74,14-06-2019,5w0Xpt2YHT2Y3z3e4UUJP7,234722,FALSE,0.37,0.467,2,-6.973,1,0.0411,0.442,0,0.109,0.162,137.796,Sad
203,"Tujhe Kitna Chahne Lage (From ""Kabir Singh"")","Arijit Singh, Mithoon",77,31-05-2019,2Fv2injs4qAm8mJBGaxVKU,284780,FALSE,0.427,0.396,11,-7.556,1,0.0366,0.736,0,0.11,0.306,70.368,Sad
204,Raabta,"Pritam, Arijit Singh",76,24-02-2012,6FjbAnaPRPwiP3sciEYctO,243578,FALSE,0.657,0.581,0,-8.108,1,0.0298,0.699,1.82E-05,0.116,0.323,118.037,Sad
208,Let Me Down Slowly,Alec Benjamin,87,16-11-2018,2qxmye6gAegTMjLKEBoR3d,169354,FALSE,0.652,0.557,1,-5.714,0,0.0318,0.74,0,0.124,0.483,150.073,Sad
211,Sorry,Halsey,73,02-06-2017,44n97yHySt0Z9rqPaXgjCK,220541,FALSE,0.513,0.25,5,-9.376,0,0.0367,0.913,0,0.117,0.351,74.103,Sad
212,Welcome to The Internet,Bo Burnham,71,10-06-2021,3s44Qv8x974tm0ueLexMWN,275999,TRUE,0.665,0.527,2,-8.588,0,0.429,0.663,0,0.306,0.219,94.711,Sad
213,Khamoshiyan,"Jeet Gannguli, Arijit Singh",70,29-12-2014,6zCQF5tu7HVwU9shhKqiuF,335710,FALSE,0.527,0.521,2,-6.837,0,0.0272,0.631,0,0.158,0.266,143.892,Sad
216,Baatein Ye Kabhi Na - Male,"Jeet Gannguli, Arijit Singh",61,29-12-2014,0PxMHdQ6bSz9q0eJj3kJzb,289013,FALSE,0.558,0.506,1,-6.761,0,0.0236,0.704,3.05E-06,0.0896,0.358,90.001,Sad
219,Pointless,Lewis Capaldi,17,02-12-2022,4JBiO7wRnE6ueszEUpo347,235752,FALSE,0.325,0.59,4,-3.943,1,0.0495,0.0686,0,0.104,0.278,180.449,Sad
220,When We Feel Young,When Chai Met Toast,48,02-08-2020,5GJPqaqlCSN19ReZ3Hmue4,266393,FALSE,0.573,0.7,4,-6.661,1,0.0271,0.267,0.0187,0.117,0.317,87.508,Sad
230,Banjaara,Mohammed Irfan,69,28-05-2014,4eFnk661RcdOuH9ajiTO3j,336567,FALSE,0.657,0.489,1,-6.829,0,0.0306,0.713,0,0.124,0.399,116,Sad
240,Humsafar,"Akhil Sachdeva, Mansheel Gujral",69,14-02-2017,6TFESXMfJJWwccviaxGAMa,268463,FALSE,0.319,0.552,7,-6.401,1,0.0307,0.719,0,0.144,0.221,93.991,Sad
243,death bed (coffee for your head),"Powfu, beabadoobee",83,08-02-2020,7eJMfftS33KTjuF7lTsMCx,173333,FALSE,0.726,0.431,8,-8.765,0,0.135,0.731,0,0.696,0.348,144.026,Sad
248,bury a friend,Billie Eilish,76,29-03-2019,4SSnFejRGlZikf02HLewEF,193143,FALSE,0.905,0.389,8,-14.505,1,0.332,0.74,0.162,0.106,0.196,120.046,Sad
252,Tujhko Jo Paaya,"Pritam, Mohit Chauhan",61,03-09-2010,62kyw2ux2p0CZ7pKWtM6QO,184827,FALSE,0.598,0.236,9,-9.733,1,0.0363,0.845,0,0.109,0.413,149.839,Sad
254,Tere Bin Nahi Laage (Male Version),Uzair Jaswal,59,10-03-2015,3u947zydbp5jVgVNlaRgv4,222397,FALSE,0.294,0.577,6,-5.952,1,0.0298,0.623,0,0.16,0.429,83.171,Sad
261,Voh Dekhnay Mein,Ali Zafar,59,30-01-2012,0EMYTe2oQy70PCKPQFlbVy,272453,FALSE,0.815,0.421,0,-8.125,1,0.0352,0.491,4.41E-06,0.117,0.543,140.01,Sad
263,We Don't Talk Anymore (feat. Selena Gomez),"Charlie Puth, Selena Gomez",84,29-01-2016,06KyNuuMOX1ROXRhj787tj,217707,FALSE,0.728,0.563,1,-8.053,0,0.134,0.621,0,0.179,0.352,100.017,Sad
264,"My Heart Will Go On - Love Theme from ""Titanic""","Céline Dion, James Horner",59,1997,7F1yVPuJ4xRdrDvf8OL0HF,310707,FALSE,0.157,0.119,1,-20.156,0,0.036,0.801,0.000998,0.126,0.0391,67.005,Sad
266,See You Again (feat. Charlie Puth),"Wiz Khalifa, Charlie Puth",85,2015,2JzZzZUQj3Qff7wapcbKjc,229526,FALSE,0.689,0.481,10,-7.503,1,0.0815,0.369,1.03E-06,0.0649,0.283,80.025,Sad
274,From God's Perspective,Bo Burnham,52,17-12-2013,496hK2hCnPhgT6JuC3ubNZ,261222,TRUE,0.339,0.478,0,-5.895,1,0.0401,0.775,0,0.738,0.355,86.898,Sad
275,i don't want to watch the world end with someone else,Clinton Kane,69,08-05-2020,58qX77t2VWMWcycsh9zKLc,184505,FALSE,0.535,0.359,2,-9.343,1,0.0607,0.771,0,0.111,0.488,154.163,Sad
276,Favourite Things,Rangga Jones,59,06-11-2020,5qDfGiZz9Soxb9Xn2jQ8hk,173333,FALSE,0.528,0.468,9,-8.286,1,0.133,0.264,0,0.0852,0.241,119.937,Sad
282,Alvida,"Pritam, KK",55,17-03-2007,7EjatvVN2Y2GjpvKSyWJR4,338587,FALSE,0.287,0.654,2,-5.57,1,0.0374,0.593,7.30E-06,0.11,0.241,84.015,Sad
283,I Like Me Better,Lauv,9,31-05-2018,2P91MQbaiQOfbiz9VqhqKQ,197437,FALSE,0.752,0.505,9,-7.621,1,0.253,0.535,2.55E-06,0.104,0.419,91.97,Sad
285,Jeena Jeena,Atif Aslam,75,09-12-2014,2GXXZFUxYg2LvG8SR0byOE,228969,FALSE,0.682,0.344,5,-8.567,1,0.0281,0.789,0,0.121,0.548,104.984,Sad
290,How I'm Feeling Now,Lewis Capaldi,13,17-03-2023,5CcfIvFHULvnM0ST4nzRRN,226440,TRUE,0.684,0.441,0,-3.9,1,0.0273,0.356,0,0.169,0.416,102.885,Sad
292,Heather,Conan Gray,88,20-03-2020,4xqrdfXkTW4T0RauPLv3WA,198040,FALSE,0.357,0.425,5,-7.301,1,0.0333,0.584,0,0.322,0.27,102.078,Sad
299,Hazel Eyes,BoyWithUke,60,04-06-2021,2P375Ek8tXZjgo0bef9Sc1,175468,FALSE,0.894,0.429,7,-12.494,1,0.287,0.912,0,0.0759,0.459,144.97,Sad
300,Wish You The Best,Lewis Capaldi,25,14-04-2023,3W5KHP0Yr56ejVDns9vci3,210880,FALSE,0.678,0.48,3,-3.607,1,0.0298,0.588,0,0.0954,0.49,107.934,Sad
302,Suzume,"RADWIMPS, Toaka",71,30-09-2022,7LHAKF7pBqHch8o6Yo0ad5,236391,FALSE,0.571,0.415,2,-6.572,0,0.0305,0.615,0,0.187,0.342,78.025,Sad
309,Sparkle - Movie Version,RADWIMPS,0,24-08-2016,0b4a1iklB8w8gsE38nzyEx,534120,FALSE,0.374,0.432,11,-8.395,1,0.0334,0.691,0.00649,0.109,0.295,124.012,Sad
310,Nandemonaiya - Movie Version,RADWIMPS,0,24-08-2016,7uyGWnfd6fcrFHtWxcM2ke,344053,FALSE,0.49,0.461,6,-6.164,1,0.032,0.254,0,0.284,0.487,168.125,Sad
311,lovely (with Khalid),"Billie Eilish, Khalid",90,19-04-2018,0u2P5u6lvoDfwTYjAADbn4,200186,FALSE,0.351,0.296,4,-10.109,0,0.0333,0.934,0,0.095,0.12,115.284,Sad
316,"Annihilate (Spider-Man: Across the Spider-Verse) (Metro Boomin & Swae Lee, Lil Wayne, Offset)","Metro Boomin, Swae Lee, Lil Wayne, Offset",80,02-06-2023,39MK3d3fonIP8Mz9oHCTBB,231747,FALSE,0.611,0.483,11,-6.216,0,0.055,0.214,0,0.124,0.204,145.983,Sad
317,"Calling (Spider-Man: Across the Spider-Verse) (Metro Boomin & Swae Lee, NAV, feat. A Boogie Wit da Hoodie)","Metro Boomin, Swae Lee, NAV, A Boogie Wit da Hoodie",81,02-06-2023,5rurggqwwudn9clMdcchxT,219453,FALSE,0.631,0.535,0,-7.836,1,0.0842,0.464,0,0.115,0.22,140.127,Sad
319,Zara Zara,Rahul Jain,55,23-09-2021,4gDR9Rekz28zgCcYCHGEAL,144495,FALSE,0.622,0.294,2,-9.986,0,0.0307,0.911,1.27E-06,0.141,0.366,122.048,Sad
324,drunk text,Henry Moodie,74,26-01-2023,0KpWiHVmIFDTvai20likX4,187263,FALSE,0.382,0.401,0,-8.955,1,0.0851,0.286,0,0.0851,0.145,185.636,Sad
325,Play Pretend,Alex Sampson,56,11-12-2020,0bSc0WywyTL94ME4bk75ho,186645,FALSE,0.586,0.492,7,-6.917,1,0.0263,0.661,0,0.119,0.284,135.951,Sad
330,Come Back...Be Here (Taylor's Version),Taylor Swift,73,12-11-2021,4pNApnaUWAL2J4KO2eqokq,223333,FALSE,0.46,0.632,4,-6.031,1,0.0302,0.0158,0,0.0822,0.399,79.846,Sad
338,Train Wreck,James Arthur,83,28-10-2016,55Am8neGJkdj2ADaM3aw5H,208827,FALSE,0.311,0.485,6,-5.726,0,0.0365,0.701,0,0.0726,0.225,77.355,Sad
